epoch,train_loss,val_loss,val_dice,val_iou,val_sens,lr
1,0.4566168386651122,0.525217792019248,1.8001152073680874e-05,9.003169115502728e-06,9.047481181212949e-06,0.00011999999999999999
2,0.4206615396491859,0.5695134522393346,0.0,0.0,0.0,0.00017999999999999998
3,0.3925411563528621,0.5317450268194079,0.03002549537098502,0.016126111995265924,0.018826908194078625,0.00023999999999999998
4,0.37576870539266133,0.47907755337655544,0.09652297384253053,0.061876702141903515,0.07770887472582984,0.0003
5,0.3922177200084147,0.5287287728860974,0.008489038184874387,0.004330922905126945,0.004348147119506337,0.0003
6,0.36032302086444007,0.5446547782048583,0.02403254326005349,0.012691305765025553,0.013910768189481653,0.0002999179886011389
7,0.3328524158214745,0.5942779388278723,0.0,0.0,0.0,0.00029967204408281613
8,0.34160934323849884,0.49330637510865927,0.08872191434034798,0.05586995243611086,0.0674191621973661,0.0002992624353817517
9,0.3503211794987969,0.5149220442399383,0.06845938392999644,0.03997613794880968,0.05428777776867631,0.00029868961039904624
10,0.34416189757378207,0.5733379395678639,0.007439360860907129,0.0037866648080905245,0.0043518062074584425,0.00029795419551040833
11,0.3295129439591066,0.6064410945400596,0.0,0.0,0.0,0.0002970569948812214
12,0.3080269329897735,0.5817676763981581,0.0,0.0,0.0,0.0002959989895872009
13,0.3248478499767573,0.510435595177114,0.0,0.0,0.0,0.0002947813365416023
14,0.33556482058180415,0.5765703078359365,0.008129609794381577,0.00413693065588776,0.004958885868930533,0.0002934053672301536
15,0.3065432211201962,0.5583432503044605,0.023248194303770186,0.012212939685855878,0.01742052291961292,0.00029187258625509513
16,0.30642913750236167,0.5945767723023891,0.00428061709855713,0.0021699128407351156,0.0024332312548686593,0.0002901846696899191
17,0.2725916366730614,0.4704244378954172,9.763143779316008e-05,4.886106591515259e-05,4.9017917531332624e-05,0.0002883434632466077
18,0.2721994102296025,0.5577919911593199,7.512019230724086e-05,3.760529482528517e-05,3.853267570876367e-05,0.00028635098025737434
19,0.26449852938885277,0.4489603592082858,0.0006347129837699533,0.0003179365156578967,0.0003183312980486751,0.0002842093994731145
20,0.3037013100136233,0.4444023612886667,0.02915516931502807,0.015581123932752631,0.016775855735687503,0.00028192106268097334
21,0.25380258455508103,0.4496558215469122,0.00046744644136111486,0.00023403287540130964,0.00023509972730062078,0.0002794884721436361
22,0.2609001140707456,0.492776595056057,0.0023610287922024133,0.0011873064893547342,0.0012103323015930452,0.0002769142878631403
23,0.2486365515834895,0.48510519647970796,0.004510268501346178,0.002285147390526998,0.002500104258298449,0.000274201324672203
24,0.24847019140851562,0.4483166877180338,0.0026917045347395092,0.001355736658002721,0.0014435186182882307,0.0002713525491562421
